month,day,yday
Jan,1,1
Jan,2,2
Jan,3,3
Jan,4,4
Jan,5,5
Jan,6,6
Jan,7,7
Jan,8,8
Jan,9,9
Jan,10,10
Jan,11,11
Jan,12,12
Jan,13,13
Jan,14,14
Jan,15,15
Jan,16,16
Jan,17,17
Jan,18,18
Jan,19,19
Jan,20,20
Jan,21,21
Jan,22,22
Jan,23,23
Jan,24,24
Jan,25,25
Jan,26,26
Jan,27,27
Jan,28,28
Jan,29,29
Jan,30,30
Jan,31,31
Feb,1,32
Feb,2,33
Feb,3,34
Feb,4,35
Feb,5,36
Feb,6,37
Feb,7,38
Feb,8,39
Feb,9,40
Feb,10,41
Feb,11,42
Feb,12,43
Feb,13,44
Feb,14,45
Feb,15,46
Feb,16,47
Feb,17,48
Feb,18,49
Feb,19,50
Feb,20,51
Feb,21,52
Feb,22,53
Feb,23,54
Feb,24,55
Feb,25,56
Feb,26,57
Feb,27,58
Feb,28,59
Mar,1,60
Mar,2,61
Mar,3,62
Mar,4,63
Mar,5,64
Mar,6,65
Mar,7,66
Mar,8,67
Mar,9,68
Mar,10,69
Mar,11,70
Mar,12,71
Mar,13,72
Mar,14,73
Mar,15,74
Mar,16,75
Mar,17,76
Mar,18,77
Mar,19,78
Mar,20,79
Mar,21,80
Mar,22,81
Mar,23,82
Mar,24,83
Mar,25,84
Mar,26,85
Mar,27,86
Mar,28,87
Mar,29,88
Mar,30,89
Mar,31,90
Apr,1,91
Apr,2,92
Apr,3,93
Apr,4,94
Apr,5,95
Apr,6,96
Apr,7,97
Apr,8,98
Apr,9,99
Apr,10,100
Apr,11,101
Apr,12,102
Apr,13,103
Apr,14,104
Apr,15,105
Apr,16,106
Apr,17,107
Apr,18,108
Apr,19,109
Apr,20,110
Apr,21,111
Apr,22,112
Apr,23,113
Apr,24,114
Apr,25,115
Apr,26,116
Apr,27,117
Apr,28,118
Apr,29,119
Apr,30,120
May,1,121
May,2,122
May,3,123
May,4,124
May,5,125
May,6,126
May,7,127
May,8,128
May,9,129
May,10,130
May,11,131
May,12,132
May,13,133
May,14,134
May,15,135
May,16,136
May,17,137
May,18,138
May,19,139
May,20,140
May,21,141
May,22,142
May,23,143
May,24,144
May,25,145
May,26,146
May,27,147
May,28,148
May,29,149
May,30,150
May,31,151
June,1,152
June,2,153
June,3,154
June,4,155
June,5,156
June,6,157
June,7,158
June,8,159
June,9,160
June,10,161
June,11,162
June,12,163
June,13,164
June,14,165
June,15,166
June,16,167
June,17,168
June,18,169
June,19,170
June,20,171
June,21,172
June,22,173
June,23,174
June,24,175
June,25,176
June,26,177
June,27,178
June,28,179
June,29,180
June,30,181
July,1,182
July,2,183
July,3,184
July,4,185
July,5,186
July,6,187
July,7,188
July,8,189
July,9,190
July,10,191
July,11,192
July,12,193
July,13,194
July,14,195
July,15,196
July,16,197
July,17,198
July,18,199
July,19,200
July,20,201
July,21,202
July,22,203
July,23,204
July,24,205
July,25,206
July,26,207
July,27,208
July,28,209
July,29,210
July,30,211
July,31,212
Aug,1,213
Aug,2,214
Aug,3,215
Aug,4,216
Aug,5,217
Aug,6,218
Aug,7,219
Aug,8,220
Aug,9,221
Aug,10,222
Aug,11,223
Aug,12,224
Aug,13,225
Aug,14,226
Aug,15,227
Aug,16,228
Aug,17,229
Aug,18,230
Aug,19,231
Aug,20,232
Aug,21,233
Aug,22,234
Aug,23,235
Aug,24,236
Aug,25,237
Aug,26,238
Aug,27,239
Aug,28,240
Aug,29,241
Aug,30,242
Aug,31,243
Sep,1,244
Sep,2,245
Sep,3,246
Sep,4,247
Sep,5,248
Sep,6,249
Sep,7,250
Sep,8,251
Sep,9,252
Sep,10,253
Sep,11,254
Sep,12,255
Sep,13,256
Sep,14,257
Sep,15,258
Sep,16,259
Sep,17,260
Sep,18,261
Sep,19,262
Sep,20,263
Sep,21,264
Sep,22,265
Sep,23,266
Sep,24,267
Sep,25,268
Sep,26,269
Sep,27,270
Sep,28,271
Sep,29,272
Sep,30,273
Oct,1,274
Oct,2,275
Oct,3,276
Oct,4,277
Oct,5,278
Oct,6,279
Oct,7,280
Oct,8,281
Oct,9,282
Oct,10,283
Oct,11,284
Oct,12,285
Oct,13,286
Oct,14,287
Oct,15,288
Oct,16,289
Oct,17,290
Oct,18,291
Oct,19,292
Oct,20,293
Oct,21,294
Oct,22,295
Oct,23,296
Oct,24,297
Oct,25,298
Oct,26,299
Oct,27,300
Oct,28,301
Oct,29,302
Oct,30,303
Oct,31,304
Nov,1,305
Nov,2,306
Nov,3,307
Nov,4,308
Nov,5,309
Nov,6,310
Nov,7,311
Nov,8,312
Nov,9,313
Nov,10,314
Nov,11,315
Nov,12,316
Nov,13,317
Nov,14,318
Nov,15,319
Nov,16,320
Nov,17,321
Nov,18,322
Nov,19,323
Nov,20,324
Nov,21,325
Nov,22,326
Nov,23,327
Nov,24,328
Nov,25,329
Nov,26,330
Nov,27,331
Nov,28,332
Nov,29,333
Nov,30,334
Dec,1,335
Dec,2,336
Dec,3,337
Dec,4,338
Dec,5,339
Dec,6,340
Dec,7,341
Dec,8,342
Dec,9,343
Dec,10,344
Dec,11,345
Dec,12,346
Dec,13,347
Dec,14,348
Dec,15,349
Dec,16,350
Dec,17,351
Dec,18,352
Dec,19,353
Dec,20,354
Dec,21,355
Dec,22,356
Dec,23,357
Dec,24,358
Dec,25,359
Dec,26,360
Dec,27,361
Dec,28,362
Dec,29,363
Dec,30,364
Dec,31,365
